<?xml version="1.0"?>

<config xmlns:xsi="http://www.w3.org/2001/XMLSchema-instance" xsi:noNamespaceSchemaLocation="urn:magento:module:Magento_Backend:etc/menu.xsd">
    <menu>
        <add id="Bluethink_MenuTutorial::menu1" title="Menu1" translate="title" module="Bluethink_MenuTutorial" sortOrder="35" resource="Bluethink_MenuTutorial::menu1"/>

        <add id="Magento_Backend::marketing_seo" title="SEO &amp; Search" translate="title" module="Magento_Backend" sortOrder="40" parent="Magento_Backend::marketing"  resource="Magento_Backend::marketing_seo"/>

        <add id="Bluethink_MenuTutorial::submenu1" title="Sub Menu1" translate="title" module="Bluethink_MenuTutorial" sortOrder="10" parent="Bluethink_MenuTutorial::menu1" action="catalog/product/" resource="Bluethink_MenuTutorial::submenu1"/>

        <add id="Bluethink_MenuTutorial::submenu2" title="Sub Menu2" translate="title" module="Bluethink_MenuTutorial" sortOrder="20" parent="Bluethink_MenuTutorial::menu1" action="catalog/category/" resource="Bluethink_MenuTutorial::submenu2"/>

        <add id="Bluethink_MenuTutorial::submenu3" title="Sub Menu3" translate="title" module="Bluethink_MenuTutorial" sortOrder="10" parent="Bluethink_MenuTutorial::menu1" action="catalog/product/" resource="Bluethink_MenuTutorial::submenu3"/>

        <add id="Bluethink_MenuTutorial::submenu4" title="Sub Menu4" translate="title" module="Bluethink_MenuTutorial" sortOrder="20" parent="Bluethink_MenuTutorial::menu1" action="catalog/category/" resource="Bluethink_MenuTutorial::submenu4"/>
    </menu>
</config>
